NVTX Range,Style,PID,TID,NVTX Inst,Kern Inst,Total Time (ns),Avg (ns),Med (ns),Min (ns),Max (ns),StdDev (ns),Kernel Name
None,None,53325,53325,0,365,255091181,698879.9,689635.0,688834,1336325,75364.8,ampere_sgemm_128x64_tn
None,None,53325,53325,0,720,139983725,194421.8,194272.0,192865,284352,3406.0,ampere_sgemm_32x128_tn
None,None,53325,53325,0,180,124729603,692942.2,689826.5,688482,868996,21590.2,ampere_sgemm_128x64_nn
None,None,53325,53325,0,1440,23952907,16634.0,20512.5,7712,192160,7204.6,"void at::native::elementwise_kernel<(int)128, (int)2, void at::native::gpu_kernel_impl_nocast<at::native::direct_copy_kernel_cuda(at::TensorIteratorBase &)::[lambda() (instance 3)]::operator ()() const::[lambda() (instance 7)]::operator ()() const::[lambda(float) (instance 1)]>(at::TensorIteratorBase &, const T1 &)::[lambda(int) (instance 1)]>(int, T3)"
None,None,53325,53325,0,360,17093399,47481.7,56944.0,35392,220384,16567.2,ampere_sgemm_128x128_nn
None,None,53325,53325,0,360,11752723,32646.5,32672.0,32256,33184,180.1,"void gemmSN_NN_kernel<float, (int)128, (int)2, (int)4, (int)8, (int)2, (int)4, (bool)0, cublasGemvTensorStridedBatched<const float>, cublasGemvTensorStridedBatched<const float>, cublasGemvTensorStridedBatched<float>>(cublasGemmSmallNParams<T9, T10, T11, T1>)"
None,None,53325,53325,0,540,11315703,20955.0,22240.0,15264,213121,11705.9,"void at::native::elementwise_kernel<(int)128, (int)2, void at::native::gpu_kernel_impl_nocast<at::native::CUDAFunctor_add<float>>(at::TensorIteratorBase &, const T1 &)::[lambda(int) (instance 1)]>(int, T3)"
None,None,53325,53325,0,253,10104710,39939.6,23104.0,22880,107392,19681.7,"void at::native::<unnamed>::distribution_elementwise_grid_stride_kernel<float, (int)4, void at::native::templates::cuda::normal_and_transform<float, float, at::CUDAGeneratorImpl *, void at::native::templates::cuda::normal_kernel<at::CUDAGeneratorImpl *>(const at::TensorBase &, double, double, T1)::[lambda() (instance 1)]::operator ()() const::[lambda() (instance 2)]::operator ()() const::[lambda(float) (instance 1)]>(at::TensorIteratorBase &, T3, T4)::[lambda(curandStatePhilox4_32_10 *) (instance 2)], void at::native::<unnamed>::distribution_nullary_kernel<float, float, float4, at::CUDAGeneratorImpl *, void at::native::templates::cuda::normal_and_transform<float, float, at::CUDAGeneratorImpl *, void at::native::templates::cuda::normal_kernel<at::CUDAGeneratorImpl *>(const at::TensorBase &, double, double, T1)::[lambda() (instance 1)]::operator ()() const::[lambda() (instance 2)]::operator ()() const::[lambda(float) (instance 1)]>(at::TensorIteratorBase &, T3, T4)::[lambda(curandStatePhilox4_32_10 *) (instance 2)], void at::native::templates::cuda::normal_kernel<at::CUDAGeneratorImpl *>(const at::TensorBase &, double, double, T1)::[lambda() (instance 1)]::operator ()() const::[lambda() (instance 2)]::operator ()() const::[lambda(float) (instance 1)]>(at::TensorIteratorBase &, T4, const T5 &, T6)::[lambda(int, float) (instance 1)]>(long, at::PhiloxCudaState, T3, T4)"
None,None,53325,53325,0,545,8632089,15838.7,15456.0,14752,17664,976.1,"void at::native::reduce_kernel<(int)512, (int)1, at::native::ReduceOp<float, at::native::func_wrapper_t<float, at::native::sum_functor<float, float, float>::operator ()(at::TensorIterator &)::[lambda(float, float) (instance 1)]>, unsigned int, float, (int)4>>(T3)"
None,None,53325,53325,0,730,8618401,11806.0,11808.0,11392,12640,211.6,"void at::native::elementwise_kernel<(int)128, (int)2, void at::native::gpu_kernel_impl_nocast<at::native::BinaryFunctor<float, float, float, at::native::binary_internal::MulFunctor<float>>>(at::TensorIteratorBase &, const T1 &)::[lambda(int) (instance 1)]>(int, T3)"
None,None,53325,53325,0,619,8139369,13149.2,5152.0,4895,193793,14842.9,"void at::native::vectorized_elementwise_kernel<(int)4, at::native::AUnaryFunctor<float, float, float, at::native::binary_internal::MulFunctor<float>>, std::array<char *, (unsigned long)2>>(int, T2, T3)"
None,None,53325,53325,0,360,7885373,21903.8,22048.0,18272,25664,2817.8,"void at::native::vectorized_elementwise_kernel<(int)4, at::native::BinaryFunctor<float, float, float, at::native::binary_internal::MulFunctor<float>>, std::array<char *, (unsigned long)3>>(int, T2, T3)"
None,None,53325,53325,0,180,4994703,27748.4,25600.0,25088,219744,20376.3,"void at::native::reduce_kernel<(int)512, (int)1, at::native::ReduceOp<float, at::native::MaxOps<float>, unsigned int, float, (int)4>>(T3)"
None,None,53325,53325,0,365,4939151,13531.9,14496.0,11040,19168,1913.3,"void at::native::index_elementwise_kernel<(int)128, (int)4, void at::native::gpu_index_kernel<void at::native::index_kernel_impl<at::native::OpaqueType<(int)4>>(at::TensorIteratorBase &, c10::ArrayRef<long>, c10::ArrayRef<long>)::[lambda(char *, const char *, long) (instance 1)]>(at::TensorIteratorBase &, c10::ArrayRef<long>, c10::ArrayRef<long>, const T1 &)::[lambda(int) (instance 1)]>(long, T3)"
None,None,53325,53325,0,545,4094354,7512.6,5312.0,4895,202337,8815.0,"void at::native::vectorized_elementwise_kernel<(int)4, at::native::BUnaryFunctor<float, float, float, at::native::binary_internal::MulFunctor<float>>, std::array<char *, (unsigned long)2>>(int, T2, T3)"
None,None,53325,53325,0,180,3603051,20017.0,20000.5,19680,20416,129.1,"void at::native::elementwise_kernel<(int)128, (int)2, void at::native::gpu_kernel_impl_nocast<at::native::BinaryFunctor<float, float, float, at::native::binary_internal::DivFunctor<float>>>(at::TensorIteratorBase &, const T1 &)::[lambda(int) (instance 1)]>(int, T3)"
None,None,53325,53325,0,180,3543989,19688.8,18655.5,17857,204320,13842.8,"void at::native::vectorized_elementwise_kernel<(int)4, at::native::sigmoid_kernel_cuda(at::TensorIteratorBase &)::[lambda() (instance 2)]::operator ()() const::[lambda() (instance 2)]::operator ()() const::[lambda(float) (instance 1)], std::array<char *, (unsigned long)2>>(int, T2, T3)"
None,None,53325,53325,0,365,3142565,8609.8,8608.0,7904,9120,165.0,"void at::native::vectorized_elementwise_kernel<(int)4, void at::native::<unnamed>::pow_tensor_scalar_kernel_impl<float, float>(at::TensorIteratorBase &, T2)::[lambda(float) (instance 1)], std::array<char *, (unsigned long)2>>(int, T2, T3)"
None,None,53325,53325,0,180,2786867,15482.6,15488.0,15264,15744,84.2,"void at::native::elementwise_kernel<(int)128, (int)2, void at::native::gpu_kernel_impl_nocast<at::native::<unnamed>::masked_fill_kernel(at::TensorIterator &, const c10::Scalar &)::[lambda() (instance 1)]::operator ()() const::[lambda() (instance 7)]::operator ()() const::[lambda(float, bool) (instance 1)]>(at::TensorIteratorBase &, const T1 &)::[lambda(int) (instance 1)]>(int, T3)"
None,None,53325,53325,0,180,2042379,11346.6,11328.0,10976,11969,172.5,"void at::native::vectorized_elementwise_kernel<(int)4, at::native::exp_kernel_cuda(at::TensorIteratorBase &)::[lambda() (instance 2)]::operator ()() const::[lambda() (instance 2)]::operator ()() const::[lambda(float) (instance 1)], std::array<char *, (unsigned long)2>>(int, T2, T3)"
None,None,53325,53325,0,365,1989923,5451.8,5472.0,5216,5824,99.2,"void at::native::vectorized_elementwise_kernel<(int)4, at::native::reciprocal_kernel_cuda(at::TensorIteratorBase &)::[lambda() (instance 1)]::operator ()() const::[lambda() (instance 2)]::operator ()() const::[lambda(float) (instance 1)], std::array<char *, (unsigned long)2>>(int, T2, T3)"
None,None,53325,53325,0,365,1954024,5353.5,5376.0,5120,5728,89.9,"void at::native::vectorized_elementwise_kernel<(int)4, at::native::sqrt_kernel_cuda(at::TensorIteratorBase &)::[lambda() (instance 2)]::operator ()() const::[lambda() (instance 2)]::operator ()() const::[lambda(float) (instance 1)], std::array<char *, (unsigned long)2>>(int, T2, T3)"
None,None,53325,53325,0,366,1941283,5304.1,5120.0,4864,79904,3911.0,"void at::native::vectorized_elementwise_kernel<(int)4, at::native::CUDAFunctorOnSelf_add<float>, std::array<char *, (unsigned long)2>>(int, T2, T3)"
None,None,53325,53325,0,180,1073552,5964.2,5984.0,5760,6337,102.4,"void at::native::vectorized_elementwise_kernel<(int)4, at::native::bitwise_not_kernel_cuda(at::TensorIteratorBase &)::[lambda(bool) (instance 1)], std::array<char *, (unsigned long)2>>(int, T2, T3)"
None,None,53325,53325,0,73,392185,5372.4,5408.0,5184,5728,102.1,"void at::native::vectorized_elementwise_kernel<(int)4, at::native::FillFunctor<float>, std::array<char *, (unsigned long)1>>(int, T2, T3)"
None,None,53325,53325,0,36,279299,7758.3,7696.5,7647,8032,115.1,"void at::native::<unnamed>::CatArrayBatchedCopy_aligned16_contig<at::native::<unnamed>::OpaqueType<(unsigned int)4>, unsigned int, (int)2, (int)128, (int)1>(T1 *, at::native::<unnamed>::CatArrInputTensorMetadata<T1, T2, T4, T5>, at::native::<unnamed>::TensorSizeStride<T2, (unsigned int)4>, int, T2)"
None,None,53325,53325,0,36,238879,6635.5,6592.0,6368,7103,150.1,"void at::native::vectorized_elementwise_kernel<(int)4, at::native::cos_kernel_cuda(at::TensorIteratorBase &)::[lambda() (instance 2)]::operator ()() const::[lambda() (instance 2)]::operator ()() const::[lambda(float) (instance 1)], std::array<char *, (unsigned long)2>>(int, T2, T3)"
None,None,53325,53325,0,36,233349,6481.9,6432.5,6400,6721,85.4,"void at::native::vectorized_elementwise_kernel<(int)4, at::native::sin_kernel_cuda(at::TensorIteratorBase &)::[lambda() (instance 2)]::operator ()() const::[lambda() (instance 2)]::operator ()() const::[lambda(float) (instance 1)], std::array<char *, (unsigned long)2>>(int, T2, T3)"
None,None,53325,53325,0,36,207840,5773.3,5760.5,5600,5952,53.8,"void at::native::vectorized_elementwise_kernel<(int)4, at::native::neg_kernel_cuda(at::TensorIteratorBase &)::[lambda() (instance 2)]::operator ()() const::[lambda() (instance 7)]::operator ()() const::[lambda(float) (instance 1)], std::array<char *, (unsigned long)2>>(int, T2, T3)"
None,None,53325,53325,0,1,79297,79297.0,79297.0,79297,79297,0.0,"void at::native::vectorized_elementwise_kernel<(int)4, at::native::<unnamed>::launch_clamp_scalar(at::TensorIteratorBase &, c10::Scalar, c10::Scalar, at::native::detail::ClampLimits)::[lambda() (instance 1)]::operator ()() const::[lambda() (instance 7)]::operator ()() const::[lambda(float) (instance 1)], std::array<char *, (unsigned long)2>>(int, T2, T3)"
None,None,53325,53325,0,1,77632,77632.0,77632.0,77632,77632,0.0,erfinv_kernel_vectorized4_kernel
None,None,53325,53325,0,1,73184,73184.0,73184.0,73184,73184,0.0,"void at::native::<unnamed>::distribution_elementwise_grid_stride_kernel<float, (int)4, void at::native::templates::cuda::uniform_and_transform<float, float, at::CUDAGeneratorImpl *, void at::native::templates::cuda::uniform_kernel<at::CUDAGeneratorImpl *>(at::TensorIteratorBase &, double, double, T1)::[lambda() (instance 1)]::operator ()() const::[lambda() (instance 2)]::operator ()() const::[lambda(float) (instance 1)]>(at::TensorIteratorBase &, T3, T4)::[lambda(curandStatePhilox4_32_10 *) (instance 2)], void at::native::<unnamed>::distribution_nullary_kernel<float, float, float4, at::CUDAGeneratorImpl *, void at::native::templates::cuda::uniform_and_transform<float, float, at::CUDAGeneratorImpl *, void at::native::templates::cuda::uniform_kernel<at::CUDAGeneratorImpl *>(at::TensorIteratorBase &, double, double, T1)::[lambda() (instance 1)]::operator ()() const::[lambda() (instance 2)]::operator ()() const::[lambda(float) (instance 1)]>(at::TensorIteratorBase &, T3, T4)::[lambda(curandStatePhilox4_32_10 *) (instance 2)], void at::native::templates::cuda::uniform_kernel<at::CUDAGeneratorImpl *>(at::TensorIteratorBase &, double, double, T1)::[lambda() (instance 1)]::operator ()() const::[lambda() (instance 2)]::operator ()() const::[lambda(float) (instance 1)]>(at::TensorIteratorBase &, T4, const T5 &, T6)::[lambda(int, float) (instance 1)]>(long, at::PhiloxCudaState, T3, T4)"
None,None,53325,53325,0,1,7040,7040.0,7040.0,7040,7040,0.0,"void at::native::<unnamed>::distribution_elementwise_grid_stride_kernel<unsigned int, (int)4, void at::native::templates::cuda::random_from_to_kernel<at::CUDAGeneratorImpl *>(at::TensorIteratorBase &, unsigned long, long, T1)::[lambda() (instance 1)]::operator ()() const::[lambda() (instance 4)]::operator ()() const::[lambda(curandStatePhilox4_32_10 *) (instance 2)], void at::native::<unnamed>::distribution_nullary_kernel<long, unsigned int, uint4, at::CUDAGeneratorImpl *, void at::native::templates::cuda::random_from_to_kernel<at::CUDAGeneratorImpl *>(at::TensorIteratorBase &, unsigned long, long, T1)::[lambda() (instance 1)]::operator ()() const::[lambda() (instance 4)]::operator ()() const::[lambda(curandStatePhilox4_32_10 *) (instance 2)], void at::native::templates::cuda::random_from_to_kernel<at::CUDAGeneratorImpl *>(at::TensorIteratorBase &, unsigned long, long, T1)::[lambda() (instance 1)]::operator ()() const::[lambda() (instance 4)]::operator ()() const::[lambda(unsigned int) (instance 1)]>(at::TensorIteratorBase &, T4, const T5 &, T6)::[lambda(int, unsigned int) (instance 1)]>(long, at::PhiloxCudaState, T3, T4)"
forward_pass,PushPop,53325,53325,1,73,50984029,698411.4,689571.0,689027,1336005,75661.8,ampere_sgemm_128x64_tn
forward_pass,PushPop,53325,53325,1,144,28269546,196316.3,194209.0,192833,363617,17762.4,ampere_sgemm_32x128_tn
forward_pass,PushPop,53325,53325,1,36,25109951,697498.6,689475.0,688611,851939,31999.2,ampere_sgemm_128x64_nn
forward_pass,PushPop,53325,53325,1,288,4753295,16504.5,19200.0,7712,22112,5536.7,"void at::native::elementwise_kernel<(int)128, (int)2, void at::native::gpu_kernel_impl_nocast<at::native::direct_copy_kernel_cuda(at::TensorIteratorBase &)::[lambda() (instance 3)]::operator ()() const::[lambda() (instance 7)]::operator ()() const::[lambda(float) (instance 1)]>(at::TensorIteratorBase &, const T1 &)::[lambda(int) (instance 1)]>(int, T3)"
forward_pass,PushPop,53325,53325,1,72,3346669,46481.5,46448.0,35233,57600,10809.8,ampere_sgemm_128x128_nn
forward_pass,PushPop,53325,53325,1,72,2349866,32637.0,32656.0,31968,33152,201.5,"void gemmSN_NN_kernel<float, (int)128, (int)2, (int)4, (int)8, (int)2, (int)4, (bool)0, cublasGemvTensorStridedBatched<const float>, cublasGemvTensorStridedBatched<const float>, cublasGemvTensorStridedBatched<float>>(cublasGemmSmallNParams<T9, T10, T11, T1>)"
forward_pass,PushPop,53325,53325,1,108,2184232,20224.4,22224.0,15328,23776,3407.9,"void at::native::elementwise_kernel<(int)128, (int)2, void at::native::gpu_kernel_impl_nocast<at::native::CUDAFunctor_add<float>>(at::TensorIteratorBase &, const T1 &)::[lambda(int) (instance 1)]>(int, T3)"
forward_pass,PushPop,53325,53325,1,109,1726244,15837.1,15456.0,14752,17440,988.8,"void at::native::reduce_kernel<(int)512, (int)1, at::native::ReduceOp<float, at::native::func_wrapper_t<float, at::native::sum_functor<float, float, float>::operator ()(at::TensorIterator &)::[lambda(float, float) (instance 1)]>, unsigned int, float, (int)4>>(T3)"
forward_pass,PushPop,53325,53325,1,146,1723158,11802.5,11808.0,11329,12864,203.2,"void at::native::elementwise_kernel<(int)128, (int)2, void at::native::gpu_kernel_impl_nocast<at::native::BinaryFunctor<float, float, float, at::native::binary_internal::MulFunctor<float>>>(at::TensorIteratorBase &, const T1 &)::[lambda(int) (instance 1)]>(int, T3)"
forward_pass,PushPop,53325,53325,1,72,1577353,21907.7,21951.5,18464,25728,2826.6,"void at::native::vectorized_elementwise_kernel<(int)4, at::native::BinaryFunctor<float, float, float, at::native::binary_internal::MulFunctor<float>>, std::array<char *, (unsigned long)3>>(int, T2, T3)"
forward_pass,PushPop,53325,53325,1,73,987137,13522.4,14464.0,11424,18432,1899.8,"void at::native::index_elementwise_kernel<(int)128, (int)4, void at::native::gpu_index_kernel<void at::native::index_kernel_impl<at::native::OpaqueType<(int)4>>(at::TensorIteratorBase &, c10::ArrayRef<long>, c10::ArrayRef<long>)::[lambda(char *, const char *, long) (instance 1)]>(at::TensorIteratorBase &, c10::ArrayRef<long>, c10::ArrayRef<long>, const T1 &)::[lambda(int) (instance 1)]>(long, T3)"
forward_pass,PushPop,53325,53325,1,36,921220,25589.4,25583.5,25408,25856,105.4,"void at::native::reduce_kernel<(int)512, (int)1, at::native::ReduceOp<float, at::native::MaxOps<float>, unsigned int, float, (int)4>>(T3)"
forward_pass,PushPop,53325,53325,1,109,780291,7158.6,5312.0,4896,11744,2819.8,"void at::native::vectorized_elementwise_kernel<(int)4, at::native::BUnaryFunctor<float, float, float, at::native::binary_internal::MulFunctor<float>>, std::array<char *, (unsigned long)2>>(int, T2, T3)"
forward_pass,PushPop,53325,53325,1,36,721125,20031.3,20016.5,19744,20544,146.2,"void at::native::elementwise_kernel<(int)128, (int)2, void at::native::gpu_kernel_impl_nocast<at::native::BinaryFunctor<float, float, float, at::native::binary_internal::DivFunctor<float>>>(at::TensorIteratorBase &, const T1 &)::[lambda(int) (instance 1)]>(int, T3)"
forward_pass,PushPop,53325,53325,1,36,669862,18607.3,18608.0,17920,19584,352.4,"void at::native::vectorized_elementwise_kernel<(int)4, at::native::sigmoid_kernel_cuda(at::TensorIteratorBase &)::[lambda() (instance 2)]::operator ()() const::[lambda() (instance 2)]::operator ()() const::[lambda(float) (instance 1)], std::array<char *, (unsigned long)2>>(int, T2, T3)"
forward_pass,PushPop,53325,53325,1,73,627779,8599.7,8576.0,8128,8992,155.2,"void at::native::vectorized_elementwise_kernel<(int)4, void at::native::<unnamed>::pow_tensor_scalar_kernel_impl<float, float>(at::TensorIteratorBase &, T2)::[lambda(float) (instance 1)], std::array<char *, (unsigned long)2>>(int, T2, T3)"
forward_pass,PushPop,53325,53325,1,36,585729,16270.3,11392.0,11072,188512,29527.4,"void at::native::vectorized_elementwise_kernel<(int)4, at::native::exp_kernel_cuda(at::TensorIteratorBase &)::[lambda() (instance 2)]::operator ()() const::[lambda() (instance 2)]::operator ()() const::[lambda(float) (instance 1)], std::array<char *, (unsigned long)2>>(int, T2, T3)"
forward_pass,PushPop,53325,53325,1,36,557440,15484.4,15471.5,15328,15680,85.4,"void at::native::elementwise_kernel<(int)128, (int)2, void at::native::gpu_kernel_impl_nocast<at::native::<unnamed>::masked_fill_kernel(at::TensorIterator &, const c10::Scalar &)::[lambda() (instance 1)]::operator ()() const::[lambda() (instance 7)]::operator ()() const::[lambda(float, bool) (instance 1)]>(at::TensorIteratorBase &, const T1 &)::[lambda(int) (instance 1)]>(int, T3)"
forward_pass,PushPop,53325,53325,1,73,398340,5456.7,5472.0,5248,5792,104.3,"void at::native::vectorized_elementwise_kernel<(int)4, at::native::reciprocal_kernel_cuda(at::TensorIteratorBase &)::[lambda() (instance 1)]::operator ()() const::[lambda() (instance 2)]::operator ()() const::[lambda(float) (instance 1)], std::array<char *, (unsigned long)2>>(int, T2, T3)"
forward_pass,PushPop,53325,53325,1,73,391362,5361.1,5376.0,5120,5696,100.5,"void at::native::vectorized_elementwise_kernel<(int)4, at::native::sqrt_kernel_cuda(at::TensorIteratorBase &)::[lambda() (instance 2)]::operator ()() const::[lambda() (instance 2)]::operator ()() const::[lambda(float) (instance 1)], std::array<char *, (unsigned long)2>>(int, T2, T3)"
forward_pass,PushPop,53325,53325,1,73,372991,5109.5,5120.0,4896,5344,74.7,"void at::native::vectorized_elementwise_kernel<(int)4, at::native::CUDAFunctorOnSelf_add<float>, std::array<char *, (unsigned long)2>>(int, T2, T3)"
forward_pass,PushPop,53325,53325,1,73,370531,5075.8,5089.0,4895,5185,79.3,"void at::native::vectorized_elementwise_kernel<(int)4, at::native::AUnaryFunctor<float, float, float, at::native::binary_internal::MulFunctor<float>>, std::array<char *, (unsigned long)2>>(int, T2, T3)"
forward_pass,PushPop,53325,53325,1,36,215010,5972.5,6000.5,5760,6112,89.3,"void at::native::vectorized_elementwise_kernel<(int)4, at::native::bitwise_not_kernel_cuda(at::TensorIteratorBase &)::[lambda(bool) (instance 1)], std::array<char *, (unsigned long)2>>(int, T2, T3)"
profile_step_0,PushPop,53325,53325,1,73,50984029,698411.4,689571.0,689027,1336005,75661.8,ampere_sgemm_128x64_tn
profile_step_0,PushPop,53325,53325,1,144,28269546,196316.3,194209.0,192833,363617,17762.4,ampere_sgemm_32x128_tn
profile_step_0,PushPop,53325,53325,1,36,25109951,697498.6,689475.0,688611,851939,31999.2,ampere_sgemm_128x64_nn
profile_step_0,PushPop,53325,53325,1,288,4753295,16504.5,19200.0,7712,22112,5536.7,"void at::native::elementwise_kernel<(int)128, (int)2, void at::native::gpu_kernel_impl_nocast<at::native::direct_copy_kernel_cuda(at::TensorIteratorBase &)::[lambda() (instance 3)]::operator ()() const::[lambda() (instance 7)]::operator ()() const::[lambda(float) (instance 1)]>(at::TensorIteratorBase &, const T1 &)::[lambda(int) (instance 1)]>(int, T3)"
profile_step_0,PushPop,53325,53325,1,72,3346669,46481.5,46448.0,35233,57600,10809.8,ampere_sgemm_128x128_nn
profile_step_0,PushPop,53325,53325,1,72,2349866,32637.0,32656.0,31968,33152,201.5,"void gemmSN_NN_kernel<float, (int)128, (int)2, (int)4, (int)8, (int)2, (int)4, (bool)0, cublasGemvTensorStridedBatched<const float>, cublasGemvTensorStridedBatched<const float>, cublasGemvTensorStridedBatched<float>>(cublasGemmSmallNParams<T9, T10, T11, T1>)"
profile_step_0,PushPop,53325,53325,1,108,2184232,20224.4,22224.0,15328,23776,3407.9,"void at::native::elementwise_kernel<(int)128, (int)2, void at::native::gpu_kernel_impl_nocast<at::native::CUDAFunctor_add<float>>(at::TensorIteratorBase &, const T1 &)::[lambda(int) (instance 1)]>(int, T3)"
profile_step_0,PushPop,53325,53325,1,109,1726244,15837.1,15456.0,14752,17440,988.8,"void at::native::reduce_kernel<(int)512, (int)1, at::native::ReduceOp<float, at::native::func_wrapper_t<float, at::native::sum_functor<float, float, float>::operator ()(at::TensorIterator &)::[lambda(float, float) (instance 1)]>, unsigned int, float, (int)4>>(T3)"
profile_step_0,PushPop,53325,53325,1,146,1723158,11802.5,11808.0,11329,12864,203.2,"void at::native::elementwise_kernel<(int)128, (int)2, void at::native::gpu_kernel_impl_nocast<at::native::BinaryFunctor<float, float, float, at::native::binary_internal::MulFunctor<float>>>(at::TensorIteratorBase &, const T1 &)::[lambda(int) (instance 1)]>(int, T3)"
profile_step_0,PushPop,53325,53325,1,72,1577353,21907.7,21951.5,18464,25728,2826.6,"void at::native::vectorized_elementwise_kernel<(int)4, at::native::BinaryFunctor<float, float, float, at::native::binary_internal::MulFunctor<float>>, std::array<char *, (unsigned long)3>>(int, T2, T3)"
profile_step_0,PushPop,53325,53325,1,73,987137,13522.4,14464.0,11424,18432,1899.8,"void at::native::index_elementwise_kernel<(int)128, (int)4, void at::native::gpu_index_kernel<void at::native::index_kernel_impl<at::native::OpaqueType<(int)4>>(at::TensorIteratorBase &, c10::ArrayRef<long>, c10::ArrayRef<long>)::[lambda(char *, const char *, long) (instance 1)]>(at::TensorIteratorBase &, c10::ArrayRef<long>, c10::ArrayRef<long>, const T1 &)::[lambda(int) (instance 1)]>(long, T3)"
profile_step_0,PushPop,53325,53325,1,36,921220,25589.4,25583.5,25408,25856,105.4,"void at::native::reduce_kernel<(int)512, (int)1, at::native::ReduceOp<float, at::native::MaxOps<float>, unsigned int, float, (int)4>>(T3)"
profile_step_0,PushPop,53325,53325,1,109,780291,7158.6,5312.0,4896,11744,2819.8,"void at::native::vectorized_elementwise_kernel<(int)4, at::native::BUnaryFunctor<float, float, float, at::native::binary_internal::MulFunctor<float>>, std::array<char *, (unsigned long)2>>(int, T2, T3)"
profile_step_0,PushPop,53325,53325,1,36,721125,20031.3,20016.5,19744,20544,146.2,"void at::native::elementwise_kernel<(int)128, (int)2, void at::native::gpu_kernel_impl_nocast<at::native::BinaryFunctor<float, float, float, at::native::binary_internal::DivFunctor<float>>>(at::TensorIteratorBase &, const T1 &)::[lambda(int) (instance 1)]>(int, T3)"
profile_step_0,PushPop,53325,53325,1,36,669862,18607.3,18608.0,17920,19584,352.4,"void at::native::vectorized_elementwise_kernel<(int)4, at::native::sigmoid_kernel_cuda(at::TensorIteratorBase &)::[lambda() (instance 2)]::operator ()() const::[lambda() (instance 2)]::operator ()() const::[lambda(float) (instance 1)], std::array<char *, (unsigned long)2>>(int, T2, T3)"
profile_step_0,PushPop,53325,53325,1,73,627779,8599.7,8576.0,8128,8992,155.2,"void at::native::vectorized_elementwise_kernel<(int)4, void at::native::<unnamed>::pow_tensor_scalar_kernel_impl<float, float>(at::TensorIteratorBase &, T2)::[lambda(float) (instance 1)], std::array<char *, (unsigned long)2>>(int, T2, T3)"
profile_step_0,PushPop,53325,53325,1,36,585729,16270.3,11392.0,11072,188512,29527.4,"void at::native::vectorized_elementwise_kernel<(int)4, at::native::exp_kernel_cuda(at::TensorIteratorBase &)::[lambda() (instance 2)]::operator ()() const::[lambda() (instance 2)]::operator ()() const::[lambda(float) (instance 1)], std::array<char *, (unsigned long)2>>(int, T2, T3)"
profile_step_0,PushPop,53325,53325,1,36,557440,15484.4,15471.5,15328,15680,85.4,"void at::native::elementwise_kernel<(int)128, (int)2, void at::native::gpu_kernel_impl_nocast<at::native::<unnamed>::masked_fill_kernel(at::TensorIterator &, const c10::Scalar &)::[lambda() (instance 1)]::operator ()() const::[lambda() (instance 7)]::operator ()() const::[lambda(float, bool) (instance 1)]>(at::TensorIteratorBase &, const T1 &)::[lambda(int) (instance 1)]>(int, T3)"
profile_step_0,PushPop,53325,53325,1,73,398340,5456.7,5472.0,5248,5792,104.3,"void at::native::vectorized_elementwise_kernel<(int)4, at::native::reciprocal_kernel_cuda(at::TensorIteratorBase &)::[lambda() (instance 1)]::operator ()() const::[lambda() (instance 2)]::operator ()() const::[lambda(float) (instance 1)], std::array<char *, (unsigned long)2>>(int, T2, T3)"
profile_step_0,PushPop,53325,53325,1,73,391362,5361.1,5376.0,5120,5696,100.5,"void at::native::vectorized_elementwise_kernel<(int)4, at::native::sqrt_kernel_cuda(at::TensorIteratorBase &)::[lambda() (instance 2)]::operator ()() const::[lambda() (instance 2)]::operator ()() const::[lambda(float) (instance 1)], std::array<char *, (unsigned long)2>>(int, T2, T3)"
profile_step_0,PushPop,53325,53325,1,73,372991,5109.5,5120.0,4896,5344,74.7,"void at::native::vectorized_elementwise_kernel<(int)4, at::native::CUDAFunctorOnSelf_add<float>, std::array<char *, (unsigned long)2>>(int, T2, T3)"
profile_step_0,PushPop,53325,53325,1,73,370531,5075.8,5089.0,4895,5185,79.3,"void at::native::vectorized_elementwise_kernel<(int)4, at::native::AUnaryFunctor<float, float, float, at::native::binary_internal::MulFunctor<float>>, std::array<char *, (unsigned long)2>>(int, T2, T3)"
profile_step_0,PushPop,53325,53325,1,36,215010,5972.5,6000.5,5760,6112,89.3,"void at::native::vectorized_elementwise_kernel<(int)4, at::native::bitwise_not_kernel_cuda(at::TensorIteratorBase &)::[lambda(bool) (instance 1)], std::array<char *, (unsigned long)2>>(int, T2, T3)"
