Time (%),Total Time (ns),Instances,Avg (ns),Med (ns),Min (ns),Max (ns),StdDev (ns),Category,Operation
18.7,1236724508,1014,1219649.4,818787.0,490498,7491263,852408.5,CUDA_KERNEL,ampere_sgemm_128x64_tn
12.6,832539084,720,1156304.3,1018085.0,505218,3390542,562804.6,CUDA_KERNEL,ampere_sgemm_128x128_nn
9.9,653412679,432,1512529.3,1983624.5,479682,3118701,713703.5,CUDA_KERNEL,ampere_sgemm_64x32_sliced1x4_nt
9.2,607327877,288,2108777.4,2090745.0,1970185,3291214,112014.1,CUDA_KERNEL,ampere_sgemm_128x32_nn
7.6,503572931,576,874258.6,516194.5,488642,3030381,624173.7,CUDA_KERNEL,ampere_sgemm_128x64_nt
4.7,312600572,288,1085418.7,1119988.5,948900,1590535,82923.0,CUDA_KERNEL,ampere_sgemm_128x128_nt
4.6,303846642,2034,149383.8,142000.5,3040,713251,193653.8,CUDA_KERNEL,"void at::native::vectorized_elementwise_kernel<(int)4, at::native::BinaryFunctor<float, float, float, at::native::binary_internal::MulFunctor<float>>, std::array<char *, (unsigned long)3>>(int, T2, T3)"
4.0,263298041,438,601137.1,532483.0,509059,7915329,573551.6,CUDA_KERNEL,ampere_sgemm_128x64_tt
3.9,257335103,576,446762.3,445986.0,410818,692419,44391.8,CUDA_KERNEL,"void at::native::elementwise_kernel<(int)128, (int)2, void at::native::gpu_kernel_impl_nocast<at::native::BinaryFunctor<float, float, float, at::native::binary_internal::DivFunctor<float>>>(at::TensorIteratorBase &, const T1 &)::[lambda(int) (instance 1)]>(int, T3)"
2.3,155712029,870,178979.3,64209.0,55712,562210,163581.7,CUDA_KERNEL,"void at::native::elementwise_kernel<(int)128, (int)2, void at::native::gpu_kernel_impl_nocast<at::native::CUDAFunctor_add<float>>(at::TensorIteratorBase &, const T1 &)::[lambda(int) (instance 1)]>(int, T3)"
2.0,132253113,1008,131203.5,35296.0,31328,684643,194607.3,CUDA_KERNEL,"void at::native::vectorized_elementwise_kernel<(int)4, at::native::CUDAFunctor_add<float>, std::array<char *, (unsigned long)3>>(int, T2, T3)"
1.9,122874815,594,206860.0,242593.0,22304,561603,181695.0,MEMORY_OPER,[CUDA memcpy DtoD]
1.8,119746107,288,415785.1,406914.0,402050,548739,32323.8,CUDA_KERNEL,"void at::native::elementwise_kernel<(int)128, (int)2, void at::native::gpu_kernel_impl_nocast<at::native::<unnamed>::masked_fill_kernel(at::TensorIterator &, const c10::Scalar &)::[lambda() (instance 1)]::operator ()() const::[lambda() (instance 7)]::operator ()() const::[lambda(float, bool) (instance 1)]>(at::TensorIteratorBase &, const T1 &)::[lambda(int) (instance 1)]>(int, T3)"
1.7,114846740,876,131103.6,3744.0,3392,395427,181883.6,CUDA_KERNEL,"void at::native::vectorized_elementwise_kernel<(int)4, at::native::BUnaryFunctor<float, float, float, at::native::binary_internal::MulFunctor<float>>, std::array<char *, (unsigned long)2>>(int, T2, T3)"
1.7,112755994,606,186066.0,6048.0,3360,391713,191618.5,CUDA_KERNEL,"void at::native::vectorized_elementwise_kernel<(int)4, at::native::neg_kernel_cuda(at::TensorIteratorBase &)::[lambda() (instance 2)]::operator ()() const::[lambda() (instance 7)]::operator ()() const::[lambda(float) (instance 1)], std::array<char *, (unsigned long)2>>(int, T2, T3)"
1.6,104609594,2178,48030.1,41344.0,5152,875204,38923.4,CUDA_KERNEL,"void at::native::elementwise_kernel<(int)128, (int)2, void at::native::gpu_kernel_impl_nocast<at::native::direct_copy_kernel_cuda(at::TensorIteratorBase &)::[lambda() (instance 3)]::operator ()() const::[lambda() (instance 7)]::operator ()() const::[lambda(float) (instance 1)]>(at::TensorIteratorBase &, const T1 &)::[lambda(int) (instance 1)]>(int, T3)"
1.6,103446524,1020,101418.2,34160.5,11904,275201,90951.5,CUDA_KERNEL,"void at::native::reduce_kernel<(int)512, (int)1, at::native::ReduceOp<float, at::native::func_wrapper_t<float, at::native::sum_functor<float, float, float>::operator ()(at::TensorIterator &)::[lambda(float, float) (instance 1)]>, unsigned int, float, (int)4>>(T3)"
1.2,81170569,144,563684.5,559378.5,526210,883876,30352.2,CUDA_KERNEL,ampere_sgemm_128x128_tn
1.2,77522515,2058,37668.9,28383.5,25440,248865,15646.3,CUDA_KERNEL,"void at::native::elementwise_kernel<(int)128, (int)2, void at::native::gpu_kernel_impl_nocast<at::native::BinaryFunctor<float, float, float, at::native::binary_internal::MulFunctor<float>>>(at::TensorIteratorBase &, const T1 &)::[lambda(int) (instance 1)]>(int, T3)"
1.1,72921117,144,506396.6,500226.0,472866,787107,31625.0,CUDA_KERNEL,ampere_sgemm_128x64_nn
0.8,55921814,144,388345.9,387922.0,382338,460002,6792.7,CUDA_KERNEL,"void at::native::vectorized_elementwise_kernel<(int)4, at::native::exp_kernel_cuda(at::TensorIteratorBase &)::[lambda() (instance 2)]::operator ()() const::[lambda() (instance 2)]::operator ()() const::[lambda(float) (instance 1)], std::array<char *, (unsigned long)2>>(int, T2, T3)"
0.5,32921526,252,130641.0,133744.5,49472,308641,21136.2,CUDA_KERNEL,"void at::native::<unnamed>::multi_tensor_apply_kernel<at::native::<unnamed>::TensorListMetadata<(int)1>, at::native::<unnamed>::BinaryOpScalarFunctor<float, (int)1, (int)1, (int)0>, std::multiplies<float>, float>(T1, T2, T3...)"
0.5,32779801,144,227637.5,217313.0,214433,294594,24206.9,CUDA_KERNEL,"void at::native::reduce_kernel<(int)512, (int)1, at::native::ReduceOp<float, at::native::MaxOps<float>, unsigned int, float, (int)4>>(T3)"
0.5,31673707,667,47486.8,5760.0,3168,207936,69230.4,CUDA_KERNEL,"void at::native::vectorized_elementwise_kernel<(int)4, at::native::FillFunctor<float>, std::array<char *, (unsigned long)1>>(int, T2, T3)"
0.5,31100460,126,246829.0,254321.5,92608,260642,34298.5,CUDA_KERNEL,"void at::native::<unnamed>::multi_tensor_apply_kernel<at::native::<unnamed>::TensorListScalarListMetadata<float, (int)3>, at::native::<unnamed>::PointwiseOpScalarListFunctor<float, (int)3, (int)3, (int)0>, std::divides<float>>(T1, T2, T3...)"
0.5,30456456,6,5076076.0,4547029.0,4545365,7623936,1248834.6,CUDA_KERNEL,void cutlass::Kernel2<cutlass_80_simt_sgemm_64x128_8x5_nt_align1>(T1::Params)
0.4,26021016,144,180701.5,179713.0,172097,198177,4189.6,CUDA_KERNEL,"void magma_sgemmEx_kernel<float, float, float, (bool)1, (bool)1, (int)6, (int)3, (int)6, (int)3, (int)4>(int, int, int, Tensor, int, Tensor, int, Tensor, int, Tensor, int, int, int, const T1 *, const T1 *, T1, T1, int, cublasLtEpilogue_t, int, const void *, long)"
0.4,25760692,288,89446.8,80640.0,79584,265890,21560.4,CUDA_KERNEL,"void gemmSN_NN_kernel<float, (int)128, (int)2, (int)4, (int)8, (int)2, (int)4, (bool)0, cublasGemvTensorStridedBatched<const float>, cublasGemvTensorStridedBatched<const float>, cublasGemvTensorStridedBatched<float>>(cublasGemmSmallNParams<T9, T10, T11, T1>)"
0.4,24038508,126,190781.8,196016.5,71777,206113,26611.5,CUDA_KERNEL,"void at::native::<unnamed>::multi_tensor_apply_kernel<at::native::<unnamed>::TensorListMetadata<(int)3>, at::native::<unnamed>::PointwiseOpScalarFunctor<float, (int)3, (int)3, (int)0>, std::multiplies<float>, float>(T1, T2, T3...)"
0.4,23935183,126,189961.8,195680.5,72192,201473,26253.1,CUDA_KERNEL,"void at::native::<unnamed>::multi_tensor_apply_kernel<at::native::<unnamed>::TensorListMetadata<(int)2>, at::native::<unnamed>::TernaryOpScalarFunctor<float, (int)2, (int)2, (int)0>, at::native::LerpFunctor<float>, float>(T1, T2, T3...)"
0.3,21958028,144,152486.3,152193.0,148769,204321,4426.7,CUDA_KERNEL,"void at::native::vectorized_elementwise_kernel<(int)4, at::native::sigmoid_backward_kernel_cuda(at::TensorIteratorBase &)::[lambda() (instance 2)]::operator ()() const::[lambda() (instance 2)]::operator ()() const::[lambda(float, float) (instance 1)], std::array<char *, (unsigned long)3>>(int, T2, T3)"
0.3,16611367,126,131836.2,135393.0,51744,141025,17934.5,CUDA_KERNEL,"void at::native::<unnamed>::multi_tensor_apply_kernel<at::native::<unnamed>::TensorListScalarListMetadata<float, (int)1>, at::native::<unnamed>::BinaryOpScalarListFunctor<float, (int)1, (int)1, (int)0>, std::divides<float>>(T1, T2, T3...)"
0.2,16461201,126,130644.5,134464.5,49761,142689,18101.3,CUDA_KERNEL,"void at::native::<unnamed>::multi_tensor_apply_kernel<at::native::<unnamed>::TensorListMetadata<(int)1>, at::native::<unnamed>::BinaryOpScalarFunctor<float, (int)1, (int)1, (int)0>, std::plus<float>, float>(T1, T2, T3...)"
0.2,16357160,126,129818.7,133425.0,52000,138048,17499.8,CUDA_KERNEL,"void at::native::<unnamed>::multi_tensor_apply_kernel<at::native::<unnamed>::TensorListMetadata<(int)2>, at::native::<unnamed>::UnaryOpFunctor<float, (int)2, (int)1, (int)1>, at::native::Sqrt<float>>(T1, T2, T3...)"
0.2,13827804,144,96026.4,95648.0,94656,99936,1222.6,CUDA_KERNEL,"void at::native::vectorized_elementwise_kernel<(int)4, at::native::sigmoid_kernel_cuda(at::TensorIteratorBase &)::[lambda() (instance 2)]::operator ()() const::[lambda() (instance 2)]::operator ()() const::[lambda(float) (instance 1)], std::array<char *, (unsigned long)2>>(int, T2, T3)"
0.2,11195275,1346,8317.4,4352.0,3328,198753,8399.2,CUDA_KERNEL,"void at::native::vectorized_elementwise_kernel<(int)4, at::native::AUnaryFunctor<float, float, float, at::native::binary_internal::MulFunctor<float>>, std::array<char *, (unsigned long)2>>(int, T2, T3)"
0.1,9288489,456,20369.5,2144.5,2015,61760,25699.0,MEMORY_OPER,[CUDA memcpy HtoD]
0.1,8068445,294,27443.7,27392.0,26656,32416,476.0,CUDA_KERNEL,"void at::native::reduce_kernel<(int)128, (int)4, at::native::ReduceOp<float, at::native::func_wrapper_t<float, at::native::sum_functor<float, float, float>::operator ()(at::TensorIterator &)::[lambda(float, float) (instance 1)]>, unsigned int, float, (int)4>>(T3)"
0.1,6054399,294,20593.2,19776.0,16064,27328,2210.1,CUDA_KERNEL,"void at::native::vectorized_elementwise_kernel<(int)4, void at::native::<unnamed>::pow_tensor_scalar_kernel_impl<float, float>(at::TensorIteratorBase &, T2)::[lambda(float) (instance 1)], std::array<char *, (unsigned long)2>>(int, T2, T3)"
0.1,5361681,169,31725.9,22880.0,22528,88193,10839.7,CUDA_KERNEL,"void at::native::<unnamed>::distribution_elementwise_grid_stride_kernel<float, (int)4, void at::native::templates::cuda::normal_and_transform<float, float, at::CUDAGeneratorImpl *, void at::native::templates::cuda::normal_kernel<at::CUDAGeneratorImpl *>(const at::TensorBase &, double, double, T1)::[lambda() (instance 1)]::operator ()() const::[lambda() (instance 2)]::operator ()() const::[lambda(float) (instance 1)]>(at::TensorIteratorBase &, T3, T4)::[lambda(curandStatePhilox4_32_10 *) (instance 2)], void at::native::<unnamed>::distribution_nullary_kernel<float, float, float4, at::CUDAGeneratorImpl *, void at::native::templates::cuda::normal_and_transform<float, float, at::CUDAGeneratorImpl *, void at::native::templates::cuda::normal_kernel<at::CUDAGeneratorImpl *>(const at::TensorBase &, double, double, T1)::[lambda() (instance 1)]::operator ()() const::[lambda() (instance 2)]::operator ()() const::[lambda(float) (instance 1)]>(at::TensorIteratorBase &, T3, T4)::[lambda(curandStatePhilox4_32_10 *) (instance 2)], void at::native::templates::cuda::normal_kernel<at::CUDAGeneratorImpl *>(const at::TensorBase &, double, double, T1)::[lambda() (instance 1)]::operator ()() const::[lambda() (instance 2)]::operator ()() const::[lambda(float) (instance 1)]>(at::TensorIteratorBase &, T4, const T5 &, T6)::[lambda(int, float) (instance 1)]>(long, at::PhiloxCudaState, T3, T4)"
0.0,3267378,294,11113.5,9600.5,8960,70337,5922.0,CUDA_KERNEL,"void at::native::index_elementwise_kernel<(int)128, (int)4, void at::native::gpu_index_kernel<void at::native::index_kernel_impl<at::native::OpaqueType<(int)4>>(at::TensorIteratorBase &, c10::ArrayRef<long>, c10::ArrayRef<long>)::[lambda(char *, const char *, long) (instance 1)]>(at::TensorIteratorBase &, c10::ArrayRef<long>, c10::ArrayRef<long>, const T1 &)::[lambda(int) (instance 1)]>(long, T3)"
0.0,2505802,6,417633.7,407793.5,405249,470498,25941.5,CUDA_KERNEL,"void at::native::<unnamed>::cunn_SoftMaxBackward<(int)4, float, float, float, at::native::<unnamed>::LogSoftMaxBackwardEpilogue>(T2 *, const T4 *, const T4 *, long)"
0.0,2070253,144,14376.8,14304.0,13632,18176,522.3,CUDA_KERNEL,"void at::native::_scatter_gather_elementwise_kernel<(int)128, (int)4, void at::native::_cuda_scatter_gather_internal_kernel<(bool)1, at::native::OpaqueType<(int)4>>::operator ()<at::native::TensorAssign>(at::TensorIterator &, long, long, long, const T1 &)::[lambda(int) (instance 1)]>(int, T3)"
0.0,1823684,1038,1756.9,1696.0,1631,3905,233.1,MEMORY_OPER,[CUDA memset]
0.0,1575591,6,262598.5,254993.0,253441,303041,19822.9,CUDA_KERNEL,"void at::native::<unnamed>::cunn_SoftMaxForwardSmem<(int)4, float, float, float, at::native::<unnamed>::LogSoftMaxForwardEpilogue, long>(T4 *, const T2 *, T6)"
0.0,1360966,294,4629.1,3616.0,3296,197376,11308.2,CUDA_KERNEL,"void at::native::vectorized_elementwise_kernel<(int)4, at::native::sqrt_kernel_cuda(at::TensorIteratorBase &)::[lambda() (instance 2)]::operator ()() const::[lambda() (instance 2)]::operator ()() const::[lambda(float) (instance 1)], std::array<char *, (unsigned long)2>>(int, T2, T3)"
0.0,1205052,294,4098.8,4064.0,3840,5824,184.2,CUDA_KERNEL,"void at::native::vectorized_elementwise_kernel<(int)4, at::native::rsqrt_kernel_cuda(at::TensorIteratorBase &)::[lambda() (instance 2)]::operator ()() const::[lambda() (instance 2)]::operator ()() const::[lambda(float) (instance 1)], std::array<char *, (unsigned long)2>>(int, T2, T3)"
0.0,1190122,295,4034.3,3488.0,3360,65920,3697.7,CUDA_KERNEL,"void at::native::vectorized_elementwise_kernel<(int)4, at::native::CUDAFunctorOnSelf_add<float>, std::array<char *, (unsigned long)2>>(int, T2, T3)"
0.0,1188642,294,4043.0,3680.0,3488,6497,832.3,CUDA_KERNEL,"void at::native::vectorized_elementwise_kernel<(int)4, at::native::reciprocal_kernel_cuda(at::TensorIteratorBase &)::[lambda() (instance 1)]::operator ()() const::[lambda() (instance 2)]::operator ()() const::[lambda(float) (instance 1)], std::array<char *, (unsigned long)2>>(int, T2, T3)"
0.0,983330,144,6828.7,6272.0,5920,10496,1344.3,CUDA_KERNEL,"void at::native::vectorized_elementwise_kernel<(int)4, at::native::bitwise_not_kernel_cuda(at::TensorIteratorBase &)::[lambda(bool) (instance 1)], std::array<char *, (unsigned long)2>>(int, T2, T3)"
0.0,902403,6,150400.5,141744.0,140513,194817,21766.6,CUDA_KERNEL,"void at::native::<unnamed>::nll_loss_forward_reduce_cuda_kernel_2d<float, float, long>(T1 *, T1 *, const T1 *, const T3 *, const T1 *, bool, long, long, long, long)"
0.0,497153,6,82858.8,77088.5,76992,111040,13810.8,CUDA_KERNEL,"void at::native::<unnamed>::nll_loss_backward_reduce_cuda_kernel_2d<float, long>(T1 *, const T1 *, const T2 *, const T1 *, const T1 *, bool, int, int, long, long)"
0.0,204127,24,8505.3,8448.0,8384,8928,142.5,CUDA_KERNEL,"void at::native::<unnamed>::CatArrayBatchedCopy_aligned16_contig<at::native::<unnamed>::OpaqueType<(unsigned int)4>, unsigned int, (int)2, (int)128, (int)1>(T1 *, at::native::<unnamed>::CatArrInputTensorMetadata<T1, T2, T4, T5>, at::native::<unnamed>::TensorSizeStride<T2, (unsigned int)4>, int, T2)"
0.0,199649,6,33274.8,33072.0,32704,33952,532.4,CUDA_KERNEL,"void <unnamed>::indexing_backward_kernel<float, (int)4>(const long *, const long *, const T1 *, T1 *, long, long, long, long, bool)"
0.0,166912,24,6954.7,6912.0,6848,7328,124.7,CUDA_KERNEL,"void at::native::vectorized_elementwise_kernel<(int)4, at::native::cos_kernel_cuda(at::TensorIteratorBase &)::[lambda() (instance 2)]::operator ()() const::[lambda() (instance 2)]::operator ()() const::[lambda(float) (instance 1)], std::array<char *, (unsigned long)2>>(int, T2, T3)"
0.0,161122,24,6713.4,6720.0,6560,6912,88.0,CUDA_KERNEL,"void at::native::vectorized_elementwise_kernel<(int)4, at::native::sin_kernel_cuda(at::TensorIteratorBase &)::[lambda() (instance 2)]::operator ()() const::[lambda() (instance 2)]::operator ()() const::[lambda(float) (instance 1)], std::array<char *, (unsigned long)2>>(int, T2, T3)"
0.0,156321,12,13026.8,12768.0,11936,13824,630.4,CUDA_KERNEL,"void at_cuda_detail::cub::DeviceRadixSortOnesweepKernel<at_cuda_detail::cub::DeviceRadixSortPolicy<long, at::cuda::cub::detail::OpaqueType<(int)8>, unsigned long long>::Policy900, (bool)0, long, at::cuda::cub::detail::OpaqueType<(int)8>, unsigned long long, int, int, at_cuda_detail::cub::detail::identity_decomposer_t>(T7 *, T7 *, T5 *, const T5 *, T3 *, const T3 *, T4 *, const T4 *, T6, int, int, T8)"
0.0,64960,1,64960.0,64960.0,64960,64960,0.0,CUDA_KERNEL,"void at::native::vectorized_elementwise_kernel<(int)4, at::native::<unnamed>::launch_clamp_scalar(at::TensorIteratorBase &, c10::Scalar, c10::Scalar, at::native::detail::ClampLimits)::[lambda() (instance 1)]::operator ()() const::[lambda() (instance 7)]::operator ()() const::[lambda(float) (instance 1)], std::array<char *, (unsigned long)2>>(int, T2, T3)"
0.0,59617,1,59617.0,59617.0,59617,59617,0.0,CUDA_KERNEL,"void at::native::<unnamed>::distribution_elementwise_grid_stride_kernel<float, (int)4, void at::native::templates::cuda::uniform_and_transform<float, float, at::CUDAGeneratorImpl *, void at::native::templates::cuda::uniform_kernel<at::CUDAGeneratorImpl *>(at::TensorIteratorBase &, double, double, T1)::[lambda() (instance 1)]::operator ()() const::[lambda() (instance 2)]::operator ()() const::[lambda(float) (instance 1)]>(at::TensorIteratorBase &, T3, T4)::[lambda(curandStatePhilox4_32_10 *) (instance 2)], void at::native::<unnamed>::distribution_nullary_kernel<float, float, float4, at::CUDAGeneratorImpl *, void at::native::templates::cuda::uniform_and_transform<float, float, at::CUDAGeneratorImpl *, void at::native::templates::cuda::uniform_kernel<at::CUDAGeneratorImpl *>(at::TensorIteratorBase &, double, double, T1)::[lambda() (instance 1)]::operator ()() const::[lambda() (instance 2)]::operator ()() const::[lambda(float) (instance 1)]>(at::TensorIteratorBase &, T3, T4)::[lambda(curandStatePhilox4_32_10 *) (instance 2)], void at::native::templates::cuda::uniform_kernel<at::CUDAGeneratorImpl *>(at::TensorIteratorBase &, double, double, T1)::[lambda() (instance 1)]::operator ()() const::[lambda() (instance 2)]::operator ()() const::[lambda(float) (instance 1)]>(at::TensorIteratorBase &, T4, const T5 &, T6)::[lambda(int, float) (instance 1)]>(long, at::PhiloxCudaState, T3, T4)"
0.0,59136,1,59136.0,59136.0,59136,59136,0.0,CUDA_KERNEL,erfinv_kernel_vectorized4_kernel
0.0,37182,6,6197.0,5727.5,5632,8192,1002.6,CUDA_KERNEL,"void at::native::elementwise_kernel<(int)128, (int)2, void at::native::gpu_kernel_impl_nocast<at::native::direct_copy_kernel_cuda(at::TensorIteratorBase &)::[lambda() (instance 3)]::operator ()() const::[lambda() (instance 4)]::operator ()() const::[lambda(long) (instance 1)]>(at::TensorIteratorBase &, const T1 &)::[lambda(int) (instance 1)]>(int, T3)"
0.0,32448,6,5408.0,5456.0,5152,5472,126.4,CUDA_KERNEL,"void at_cuda_detail::cub::DeviceRadixSortHistogramKernel<at_cuda_detail::cub::DeviceRadixSortPolicy<long, at::cuda::cub::detail::OpaqueType<(int)8>, unsigned long long>::Policy900, (bool)0, long, unsigned long long, at_cuda_detail::cub::detail::identity_decomposer_t>(T4 *, const T3 *, T4, int, int, T5)"
0.0,31072,6,5178.7,5200.0,4992,5248,95.8,CUDA_KERNEL,"void at::native::vectorized_elementwise_kernel<(int)4, at::native::BUnaryFunctor<long, long, long, at::native::remainder_kernel_cuda(at::TensorIteratorBase &)::[lambda() (instance 1)]::operator ()() const::[lambda() (instance 4)]::operator ()() const::[lambda(long, long) (instance 1)]>, std::array<char *, (unsigned long)2>>(int, T2, T3)"
0.0,29216,6,4869.3,4944.0,4256,5216,334.7,CUDA_KERNEL,"void at::native::vectorized_elementwise_kernel<(int)4, at::native::BUnaryFunctor<long, long, long, at::native::binary_internal::div_trunc_kernel_cuda(at::TensorIteratorBase &)::[lambda() (instance 1)]::operator ()() const::[lambda() (instance 4)]::operator ()() const::[lambda(long, long) (instance 1)]>, std::array<char *, (unsigned long)2>>(int, T2, T3)"
0.0,24127,6,4021.2,4032.0,3968,4063,32.8,CUDA_KERNEL,"void at_cuda_detail::cub::DeviceRadixSortExclusiveSumKernel<at_cuda_detail::cub::DeviceRadixSortPolicy<long, at::cuda::cub::detail::OpaqueType<(int)8>, unsigned long long>::Policy900, unsigned long long>(T2 *)"
0.0,24064,6,4010.7,4000.0,3904,4128,77.5,CUDA_KERNEL,"void at::native::vectorized_elementwise_kernel<(int)4, at::native::AUnaryFunctor<long, long, long, at::native::binary_internal::MulFunctor<long>>, std::array<char *, (unsigned long)2>>(int, T2, T3)"
0.0,22431,6,3738.5,3744.0,3648,3776,47.1,CUDA_KERNEL,"void <unnamed>::elementwise_kernel_with_index<int, at::native::arange_cuda_out(const c10::Scalar &, const c10::Scalar &, const c10::Scalar &, at::Tensor &)::[lambda() (instance 1)]::operator ()() const::[lambda() (instance 4)]::operator ()() const::[lambda(long) (instance 1)]>(T1, T2, function_traits<T2>::result_type *)"
0.0,7392,1,7392.0,7392.0,7392,7392,0.0,CUDA_KERNEL,"void at::native::<unnamed>::distribution_elementwise_grid_stride_kernel<unsigned int, (int)4, void at::native::templates::cuda::random_from_to_kernel<at::CUDAGeneratorImpl *>(at::TensorIteratorBase &, unsigned long, long, T1)::[lambda() (instance 1)]::operator ()() const::[lambda() (instance 4)]::operator ()() const::[lambda(curandStatePhilox4_32_10 *) (instance 2)], void at::native::<unnamed>::distribution_nullary_kernel<long, unsigned int, uint4, at::CUDAGeneratorImpl *, void at::native::templates::cuda::random_from_to_kernel<at::CUDAGeneratorImpl *>(at::TensorIteratorBase &, unsigned long, long, T1)::[lambda() (instance 1)]::operator ()() const::[lambda() (instance 4)]::operator ()() const::[lambda(curandStatePhilox4_32_10 *) (instance 2)], void at::native::templates::cuda::random_from_to_kernel<at::CUDAGeneratorImpl *>(at::TensorIteratorBase &, unsigned long, long, T1)::[lambda() (instance 1)]::operator ()() const::[lambda() (instance 4)]::operator ()() const::[lambda(unsigned int) (instance 1)]>(at::TensorIteratorBase &, T4, const T5 &, T6)::[lambda(int, unsigned int) (instance 1)]>(long, at::PhiloxCudaState, T3, T4)"
